input_state,alice_bits,branch_probability,fidelity
0,00,0.2499999999999999,0.9999999999999996
0,01,0.2499999999999999,0.9999999999999996
0,10,0.2499999999999999,0.9999999999999996
0,11,0.2499999999999999,0.9999999999999996
1,00,0.2499999999999999,1.0
1,01,0.2499999999999999,1.0
1,10,0.2499999999999999,1.0
1,11,0.2499999999999999,1.0
2,00,0.2499999999999999,1.0
2,01,0.24999999999999986,1.0
2,10,0.2499999999999999,1.0
2,11,0.24999999999999986,1.0
3,00,0.2499999999999999,0.9999999999999998
3,01,0.2499999999999999,0.9999999999999998
3,10,0.2499999999999999,0.9999999999999998
3,11,0.2499999999999999,0.9999999999999998
4,00,0.2499999999999999,1.0
4,01,0.2499999999999999,1.0
4,10,0.2499999999999999,1.0
4,11,0.2499999999999999,1.0
5,00,0.2499999999999999,0.9999999999999998
5,01,0.2499999999999999,0.9999999999999998
5,10,0.2499999999999999,0.9999999999999998
5,11,0.2499999999999999,0.9999999999999998
6,00,0.2499999999999999,0.9999999999999998
6,01,0.2499999999999999,0.9999999999999998
6,10,0.2499999999999999,0.9999999999999998
6,11,0.2499999999999999,0.9999999999999998
7,00,0.2499999999999999,1.0
7,01,0.24999999999999992,1.0
7,10,0.2499999999999999,1.0
7,11,0.24999999999999992,1.0
8,00,0.24999999999999994,1.0
8,01,0.2499999999999999,1.0
8,10,0.24999999999999994,1.0
8,11,0.2499999999999999,1.0
9,00,0.2499999999999999,0.9999999999999998
9,01,0.2499999999999999,0.9999999999999998
9,10,0.2499999999999999,0.9999999999999998
9,11,0.2499999999999999,0.9999999999999998
10,00,0.2499999999999999,0.9999999999999998
10,01,0.24999999999999986,1.0
10,10,0.2499999999999999,0.9999999999999998
10,11,0.24999999999999986,1.0
11,00,0.2499999999999999,0.9999999999999998
11,01,0.2499999999999999,0.9999999999999998
11,10,0.2499999999999999,0.9999999999999998
11,11,0.2499999999999999,0.9999999999999998
12,00,0.2499999999999999,0.9999999999999998
12,01,0.24999999999999983,1.0
12,10,0.2499999999999999,0.9999999999999998
12,11,0.24999999999999983,1.0
13,00,0.24999999999999992,1.0
13,01,0.24999999999999992,1.0
13,10,0.24999999999999992,1.0
13,11,0.24999999999999992,1.0
14,00,0.24999999999999983,0.9999999999999998
14,01,0.24999999999999983,0.9999999999999998
14,10,0.24999999999999983,0.9999999999999998
14,11,0.24999999999999983,0.9999999999999998
15,00,0.24999999999999997,1.0000000000000004
15,01,0.25,1.0
15,10,0.24999999999999997,1.0000000000000004
15,11,0.25,1.0
16,00,0.24999999999999994,1.0000000000000004
16,01,0.25,1.0
16,10,0.24999999999999994,1.0000000000000004
16,11,0.25,1.0
17,00,0.24999999999999994,1.0
17,01,0.24999999999999994,1.0
17,10,0.24999999999999994,1.0
17,11,0.24999999999999994,1.0
18,00,0.24999999999999986,1.0000000000000004
18,01,0.24999999999999986,1.0000000000000004
18,10,0.24999999999999986,1.0000000000000004
18,11,0.24999999999999986,1.0000000000000004
19,00,0.24999999999999983,0.9999999999999996
19,01,0.2499999999999998,0.9999999999999996
19,10,0.24999999999999983,0.9999999999999996
19,11,0.2499999999999998,0.9999999999999996
20,00,0.2499999999999999,1.0
20,01,0.2499999999999999,1.0
20,10,0.2499999999999999,1.0
20,11,0.2499999999999999,1.0
21,00,0.24999999999999994,1.0000000000000004
21,01,0.24999999999999994,1.0000000000000004
21,10,0.24999999999999994,1.0000000000000004
21,11,0.24999999999999994,1.0000000000000004
22,00,0.2499999999999999,1.0000000000000004
22,01,0.24999999999999994,1.0000000000000004
22,10,0.2499999999999999,1.0000000000000004
22,11,0.24999999999999994,1.0000000000000004
23,00,0.24999999999999992,1.0
23,01,0.2499999999999999,1.0
23,10,0.24999999999999992,1.0
23,11,0.2499999999999999,1.0
24,00,0.24999999999999986,1.0
24,01,0.24999999999999986,1.0
24,10,0.24999999999999986,1.0
24,11,0.24999999999999986,1.0
25,00,0.25,1.0
25,01,0.24999999999999997,1.0000000000000009
25,10,0.25,1.0
25,11,0.24999999999999997,1.0000000000000009
26,00,0.24999999999999997,1.0000000000000004
26,01,0.24999999999999997,1.0000000000000004
26,10,0.24999999999999997,1.0000000000000004
26,11,0.24999999999999997,1.0000000000000004
27,00,0.24999999999999983,1.0
27,01,0.24999999999999983,1.0
27,10,0.24999999999999983,1.0
27,11,0.24999999999999983,1.0
28,00,0.24999999999999997,1.0000000000000004
28,01,0.24999999999999994,1.0000000000000004
28,10,0.24999999999999997,1.0000000000000004
28,11,0.24999999999999994,1.0000000000000004
29,00,0.24999999999999997,1.0000000000000004
29,01,0.25,1.0
29,10,0.24999999999999997,1.0000000000000004
29,11,0.25,1.0
30,00,0.24999999999999983,1.0
30,01,0.24999999999999983,1.0
30,10,0.24999999999999983,1.0
30,11,0.24999999999999983,1.0
31,00,0.24999999999999992,1.0
31,01,0.24999999999999994,1.0
31,10,0.24999999999999992,1.0
31,11,0.24999999999999994,1.0
32,00,0.24999999999999983,1.0
32,01,0.24999999999999983,1.0
32,10,0.24999999999999983,1.0
32,11,0.24999999999999983,1.0
33,00,0.24999999999999994,1.0000000000000004
33,01,0.24999999999999994,1.0000000000000004
33,10,0.24999999999999994,1.0000000000000004
33,11,0.24999999999999994,1.0000000000000004
34,00,0.2499999999999999,0.9999999999999996
34,01,0.24999999999999983,1.0
34,10,0.2499999999999999,0.9999999999999996
34,11,0.24999999999999983,1.0
35,00,0.24999999999999986,1.0000000000000004
35,01,0.24999999999999986,1.0000000000000004
35,10,0.24999999999999986,1.0000000000000004
35,11,0.24999999999999986,1.0000000000000004
36,00,0.25,1.0
36,01,0.25,1.0
36,10,0.25,1.0
36,11,0.25,1.0
37,00,0.24999999999999986,1.0
37,01,0.24999999999999986,1.0
37,10,0.24999999999999986,1.0
37,11,0.24999999999999986,1.0
38,00,0.24999999999999994,1.0000000000000004
38,01,0.24999999999999994,1.0000000000000004
38,10,0.24999999999999994,1.0000000000000004
38,11,0.24999999999999994,1.0000000000000004
39,00,0.2499999999999999,0.9999999999999996
39,01,0.24999999999999986,1.0
39,10,0.2499999999999999,0.9999999999999996
39,11,0.24999999999999986,1.0
40,00,0.24999999999999983,1.0
40,01,0.24999999999999983,1.0
40,10,0.24999999999999983,1.0
40,11,0.24999999999999983,1.0
41,00,0.2499999999999999,1.0
41,01,0.2499999999999999,1.0
41,10,0.2499999999999999,1.0
41,11,0.2499999999999999,1.0
42,00,0.24999999999999986,1.0
42,01,0.24999999999999986,1.0
42,10,0.24999999999999986,1.0
42,11,0.24999999999999986,1.0
43,00,0.24999999999999986,1.0
43,01,0.2499999999999999,1.0
43,10,0.24999999999999986,1.0
43,11,0.2499999999999999,1.0
44,00,0.24999999999999992,1.0
44,01,0.2499999999999999,1.0
44,10,0.24999999999999992,1.0
44,11,0.2499999999999999,1.0
45,00,0.24999999999999983,1.0
45,01,0.24999999999999983,1.0
45,10,0.24999999999999983,1.0
45,11,0.24999999999999983,1.0
46,00,0.24999999999999994,1.0000000000000004
46,01,0.24999999999999994,1.0000000000000004
46,10,0.24999999999999994,1.0000000000000004
46,11,0.24999999999999994,1.0000000000000004
47,00,0.24999999999999983,0.9999999999999998
47,01,0.24999999999999978,0.9999999999999998
47,10,0.24999999999999983,0.9999999999999998
47,11,0.24999999999999978,0.9999999999999998
48,00,0.24999999999999983,1.0
48,01,0.24999999999999986,1.0
48,10,0.24999999999999983,1.0
48,11,0.24999999999999986,1.0
49,00,0.24999999999999994,1.0000000000000004
49,01,0.24999999999999994,1.0000000000000004
49,10,0.24999999999999994,1.0000000000000004
49,11,0.24999999999999994,1.0000000000000004
50,00,0.24999999999999997,1.0000000000000009
50,01,0.24999999999999997,1.0000000000000009
50,10,0.24999999999999997,1.0000000000000009
50,11,0.24999999999999997,1.0000000000000009
51,00,0.24999999999999994,1.0000000000000004
51,01,0.24999999999999994,1.0000000000000004
51,10,0.24999999999999994,1.0000000000000004
51,11,0.24999999999999994,1.0000000000000004
52,00,0.24999999999999994,1.0
52,01,0.2499999999999999,1.0
52,10,0.24999999999999994,1.0
52,11,0.2499999999999999,1.0
53,00,0.24999999999999986,1.0
53,01,0.24999999999999986,1.0
53,10,0.24999999999999986,1.0
53,11,0.24999999999999986,1.0
54,00,0.24999999999999997,1.0000000000000004
54,01,0.24999999999999997,1.0000000000000004
54,10,0.24999999999999997,1.0000000000000004
54,11,0.24999999999999997,1.0000000000000004
55,00,0.24999999999999994,1.0000000000000004
55,01,0.24999999999999994,1.0000000000000004
55,10,0.24999999999999994,1.0000000000000004
55,11,0.24999999999999994,1.0000000000000004
56,00,0.25,1.0
56,01,0.25,1.0
56,10,0.25,1.0
56,11,0.25,1.0
57,00,0.24999999999999986,1.0000000000000004
57,01,0.2499999999999999,0.9999999999999998
57,10,0.24999999999999986,1.0000000000000004
57,11,0.2499999999999999,0.9999999999999998
58,00,0.24999999999999994,1.0000000000000004
58,01,0.24999999999999994,1.0000000000000004
58,10,0.24999999999999994,1.0000000000000004
58,11,0.24999999999999994,1.0000000000000004
59,00,0.2499999999999999,1.0
59,01,0.2499999999999999,1.0
59,10,0.2499999999999999,1.0
59,11,0.2499999999999999,1.0
60,00,0.24999999999999986,1.0
60,01,0.24999999999999986,1.0
60,10,0.24999999999999986,1.0
60,11,0.24999999999999986,1.0
61,00,0.24999999999999997,1.0000000000000009
61,01,0.24999999999999997,1.0000000000000009
61,10,0.24999999999999997,1.0000000000000009
61,11,0.24999999999999997,1.0000000000000009
62,00,0.24999999999999994,1.0
62,01,0.2499999999999999,1.0
62,10,0.24999999999999994,1.0
62,11,0.2499999999999999,1.0
63,00,0.24999999999999994,1.0000000000000004
63,01,0.24999999999999994,1.0000000000000004
63,10,0.24999999999999994,1.0000000000000004
63,11,0.24999999999999994,1.0000000000000004
64,00,0.24999999999999994,1.0
64,01,0.24999999999999994,1.0
64,10,0.24999999999999994,1.0
64,11,0.24999999999999994,1.0
65,00,0.24999999999999983,1.0
65,01,0.24999999999999983,1.0
65,10,0.24999999999999983,1.0
65,11,0.24999999999999983,1.0
66,00,0.24999999999999997,1.0000000000000009
66,01,0.24999999999999997,1.0000000000000009
66,10,0.24999999999999997,1.0000000000000009
66,11,0.24999999999999997,1.0000000000000009
67,00,0.24999999999999986,1.0
67,01,0.2499999999999999,0.9999999999999998
67,10,0.24999999999999986,1.0
67,11,0.2499999999999999,0.9999999999999998
68,00,0.24999999999999994,1.0000000000000004
68,01,0.24999999999999994,1.0000000000000004
68,10,0.24999999999999994,1.0000000000000004
68,11,0.24999999999999994,1.0000000000000004
69,00,0.24999999999999986,1.0
69,01,0.2499999999999999,0.9999999999999996
69,10,0.24999999999999986,1.0
69,11,0.2499999999999999,0.9999999999999996
70,00,0.2499999999999999,1.0
70,01,0.2499999999999999,1.0
70,10,0.2499999999999999,1.0
70,11,0.2499999999999999,1.0
71,00,0.2499999999999998,0.9999999999999998
71,01,0.2499999999999998,0.9999999999999998
71,10,0.2499999999999998,0.9999999999999998
71,11,0.2499999999999998,0.9999999999999998
72,00,0.24999999999999994,1.0000000000000004
72,01,0.24999999999999994,1.0000000000000004
72,10,0.24999999999999994,1.0000000000000004
72,11,0.24999999999999994,1.0000000000000004
73,00,0.24999999999999983,0.9999999999999998
73,01,0.24999999999999983,0.9999999999999998
73,10,0.24999999999999983,0.9999999999999998
73,11,0.24999999999999983,0.9999999999999998
74,00,0.24999999999999983,1.0
74,01,0.24999999999999983,1.0
74,10,0.24999999999999983,1.0
74,11,0.24999999999999983,1.0
75,00,0.2499999999999999,0.9999999999999998
75,01,0.2499999999999999,0.9999999999999998
75,10,0.2499999999999999,0.9999999999999998
75,11,0.2499999999999999,0.9999999999999998
76,00,0.24999999999999986,1.0000000000000004
76,01,0.24999999999999986,1.0000000000000004
76,10,0.24999999999999986,1.0000000000000004
76,11,0.24999999999999986,1.0000000000000004
77,00,0.24999999999999997,1.0000000000000004
77,01,0.24999999999999997,1.0000000000000004
77,10,0.24999999999999997,1.0000000000000004
77,11,0.24999999999999997,1.0000000000000004
78,00,0.24999999999999994,1.0
78,01,0.24999999999999992,1.0
78,10,0.24999999999999994,1.0
78,11,0.24999999999999992,1.0
79,00,0.24999999999999983,1.0
79,01,0.24999999999999983,1.0
79,10,0.24999999999999983,1.0
79,11,0.24999999999999983,1.0
80,00,0.24999999999999997,1.0000000000000004
80,01,0.24999999999999997,1.0000000000000004
80,10,0.24999999999999997,1.0000000000000004
80,11,0.24999999999999997,1.0000000000000004
81,00,0.2499999999999999,0.9999999999999998
81,01,0.2499999999999999,0.9999999999999998
81,10,0.2499999999999999,0.9999999999999998
81,11,0.2499999999999999,0.9999999999999998
82,00,0.2499999999999999,1.0
82,01,0.2499999999999999,1.0
82,10,0.2499999999999999,1.0
82,11,0.2499999999999999,1.0
83,00,0.2499999999999999,0.9999999999999996
83,01,0.2499999999999999,0.9999999999999996
83,10,0.2499999999999999,0.9999999999999996
83,11,0.2499999999999999,0.9999999999999996
84,00,0.24999999999999994,1.0
84,01,0.24999999999999994,1.0
84,10,0.24999999999999994,1.0
84,11,0.24999999999999994,1.0
85,00,0.2499999999999999,0.9999999999999998
85,01,0.24999999999999986,1.0000000000000004
85,10,0.2499999999999999,0.9999999999999998
85,11,0.24999999999999986,1.0000000000000004
86,00,0.25,1.0
86,01,0.24999999999999997,1.0000000000000009
86,10,0.25,1.0
86,11,0.24999999999999997,1.0000000000000009
87,00,0.24999999999999986,1.0000000000000004
87,01,0.24999999999999986,1.0000000000000004
87,10,0.24999999999999986,1.0000000000000004
87,11,0.24999999999999986,1.0000000000000004
88,00,0.24999999999999994,1.0000000000000004
88,01,0.24999999999999994,1.0000000000000004
88,10,0.24999999999999994,1.0000000000000004
88,11,0.24999999999999994,1.0000000000000004
89,00,0.2499999999999999,1.0
89,01,0.2499999999999999,1.0
89,10,0.2499999999999999,1.0
89,11,0.2499999999999999,1.0
90,00,0.2499999999999999,1.0
90,01,0.2499999999999999,1.0
90,10,0.2499999999999999,1.0
90,11,0.2499999999999999,1.0
91,00,0.24999999999999994,1.0000000000000004
91,01,0.24999999999999994,1.0000000000000004
91,10,0.24999999999999994,1.0000000000000004
91,11,0.24999999999999994,1.0000000000000004
92,00,0.24999999999999986,1.0
92,01,0.24999999999999986,1.0
92,10,0.24999999999999986,1.0
92,11,0.24999999999999986,1.0
93,00,0.2499999999999999,0.9999999999999996
93,01,0.2499999999999999,0.9999999999999996
93,10,0.2499999999999999,0.9999999999999996
93,11,0.2499999999999999,0.9999999999999996
94,00,0.24999999999999994,1.0000000000000004
94,01,0.24999999999999994,1.0000000000000004
94,10,0.24999999999999994,1.0000000000000004
94,11,0.24999999999999994,1.0000000000000004
95,00,0.24999999999999994,1.0
95,01,0.24999999999999994,1.0
95,10,0.24999999999999994,1.0
95,11,0.24999999999999994,1.0
96,00,0.24999999999999994,1.0000000000000004
96,01,0.24999999999999994,1.0000000000000004
96,10,0.24999999999999994,1.0000000000000004
96,11,0.24999999999999994,1.0000000000000004
97,00,0.2499999999999999,1.0
97,01,0.2499999999999999,1.0
97,10,0.2499999999999999,1.0
97,11,0.2499999999999999,1.0
98,00,0.2499999999999999,1.0
98,01,0.2499999999999999,1.0
98,10,0.2499999999999999,1.0
98,11,0.2499999999999999,1.0
99,00,0.24999999999999994,1.0000000000000004
99,01,0.24999999999999994,1.0000000000000004
99,10,0.24999999999999994,1.0000000000000004
99,11,0.24999999999999994,1.0000000000000004
